ttp://ricanvegan.com/2016/03/08/baked-but-crispy-sweet-potato-chips-recipe/,Crispy Baked Sweet Potato Chips
ttp://www.twocityvegans.com/2016/10/vegan-7-layer-dip-featuring-goodfoods-guacamole/,7 Layer Party Dip
ttp://www.feastingonfruit.com/caramel-apple-pie-bars/,Caramel Apple Pie Bars (à la mode)
ttp://eat-spin-run-repeat.com/recipes-2/?recipe_id=6080008,Super Anti-Inflammatory Hot Shot Green Smoothie
ttp://www.occasionallyeggs.com/2016/10/mini-raw-bounty-bars.html,Mini raw bounty bars with triple coconut filling.
ttp://www.rosenoisettes.com/2016/10/pumpkin-brownie-cru.html,Raw Pumpkin Brownie
ttps://rawspicebar.com/blog/caraway-cheese-soft-pretzels/,Caraway Fennel Soft Pretzels
ttp://www.affordableveganfood.com/2016/10/22/tofu-burrito-with-cheesy-pumpkin-spread/,Tofu Burrito with Cheesy Pumpkin Spread
ttp://www.thehungrybites.com/vegan-pumpkin-soup-with-mushroom-chips/,Vegan pumpkin soup with mushroom chips
ttp://www.purefoodsblog.com/2016/10/22/mediterranean-roasted-chickpeas/,Mediterranean roasted chickpeas
ttp://pumpkinandpeanutbutter.com/2016/10/19/autumn-vegetable-paella/,Autumn Vegetable Paella
ttp://ricanvegan.com/2016/03/08/baked-but-crispy-sweet-potato-chips-recipe/,Crispy Baked Sweet Potato Chips
ttp://www.twocityvegans.com/2016/10/vegan-7-layer-dip-featuring-goodfoods-guacamole/,7 Layer Party Dip
ttp://www.feastingonfruit.com/caramel-apple-pie-bars/,Caramel Apple Pie Bars (à la mode)
ttp://eat-spin-run-repeat.com/recipes-2/?recipe_id=6080008,Super Anti-Inflammatory Hot Shot Green Smoothie
ttp://www.occasionallyeggs.com/2016/10/mini-raw-bounty-bars.html,Mini raw bounty bars with triple coconut filling.
ttp://www.rosenoisettes.com/2016/10/pumpkin-brownie-cru.html,Raw Pumpkin Brownie
ttps://rawspicebar.com/blog/caraway-cheese-soft-pretzels/,Caraway Fennel Soft Pretzels
ttp://www.affordableveganfood.com/2016/10/22/tofu-burrito-with-cheesy-pumpkin-spread/,Tofu Burrito with Cheesy Pumpkin Spread
ttp://www.thehungrybites.com/vegan-pumpkin-soup-with-mushroom-chips/,Vegan pumpkin soup with mushroom chips
ttp://www.purefoodsblog.com/2016/10/22/mediterranean-roasted-chickpeas/,Mediterranean roasted chickpeas
ttp://pumpkinandpeanutbutter.com/2016/10/19/autumn-vegetable-paella/,Autumn Vegetable Paella
ttp://www.ericajulson.com/roasted-eggplant-with-tahini-and-zaatar/,Roasted Eggplant with Tahini and Zaatar
ttp://www.ericajulson.com/oven-roasted-asparagus/,Oven Roasted Asparagus
ttp://athleticavocado.com/2016/10/22/pumpkin-snickerdoodle-cashew-cookie-butter/,HealthyPumpkin Snickerdoodle Cookie Butter
ttp://www.eatingbyelaine.com/2016/10/20/easy-roasted-butternut-squash-soup/,Easy Roasted Butternut Squash Soup
ttp://jessicainthekitchen.com/cinnamon-baked-pears-vegan-video/,Cinnamon Baked Pears
ttp://jessicainthekitchen.com/how-to-make-a-flax-egg/,How to Make a Flax Egg
ttp://www.putumayokitchen.com/blog/2016/10/20/sweet-potato-with-tamarind-and-coconut,"Sweet potato with coconut, tamarind and spices."
ttp://dessertswithbenefits.com/chocolate-peanut-caramel-protein-bars/,Homemade Snickerz Protein Bars!
ttp://www.healthyhappened.com/2016/10/22/super-seed-power-squares-no-bake-healthy-bites/,Cacao Seed Power Bars
ttp://www.happyfoodstube.com/homemade-lemon-curd-recipe/,Homemade Lemon Curd
ttp://www.picklesnhoney.com/2016/10/22/vegan-aquafaba-marshmallow-fluff/,Easy Aquafaba Marshmallow Fluff!
ttp://www.thegreendietitian.com/2016/10/autumn-beluga-lentil-stew.html,Autumn Beluga Lentil Stew
ttp://www.recipe-roadtest.com/recipe/one-pot-autumn-vegetable-curry/,A one pot vegetable curry is perfect for crisp autumn.
ttp://www.ohladycakes.com/2016/09/coconut-oil-cinnamon-rolls.html,Coconut oil cinnamon rolls
ttp://nirvanacakery.com/pumpkin-chocolate-bars/,Pumpkin Chocolate Bars
ttp://goodnessisgorgeous.co.uk/2016/10/21/banana-bread-pudding-oatmeal/,"Banana bread pudding oats, a warm and hearty breakfast"
ttp://annabanana.co/vegan-plum-clafoutis-with-brandy/,Plum clafoutis with brandy
ttp://www.veganricha.com/2016/10/vegan-laksa-malaysian-curry-laksa-soup-recipe.html,Malaysian Laksa soup. homemade paste w/ Fresh Turmeric
ttp://www.veganricha.com/2016/10/vegan-shepherds-pie-chickpeas-sweet-potato.html,"Shepherd’s Pie w/ Chickpeas, Sweet potato, garlic crumb"
ttp://thebigmansworld.com/2016/09/17/healthy-1-minute-low-carb-cinnamon-roll-mug-cake/,Cinnamon Roll Mug Cake
ttp://thebigmansworld.com/2016/09/14/healthy-single-serve-caramel-apple-breakfast-dip/,Healthy Apple Pie Baked Pita Chips
ttp://thebigmansworld.com/2016/09/13/healthy-single-serve-giant-white-chocolate-raspberry-cookie/,Healthy GIANT White Chocolate Raspberry Cookie for one
ttp://thebigmansworld.com/2016/09/11/healthy-3-ingredient-flourless-applesauce-brownies/,3 Ingredient Flourless Applesauce Brownies
ttp://plantified.com/recipe/the-ultimate-vegan-lemon-meringue-pie,The Ultimate Vegan Lemon Meringue Pie (Aquafaba)
ttp://plantified.com/recipe/chocolate-and-vanilla-topdeck-vegan-marshmallows,Chocolate and Vanilla Topdeck Marshmallows (Aquafaba)
ttp://www.amysheree.com/black-rice-ramen-with-garlic-matcha-chickpeas/,Black Rice Ramen with Garlic Matcha Chickpeas
ttp://amillionmiless.com/2016/10/raw-chocolate-slices-with-raspberry-and-coconut/,Raw chocolate slices with raspberry and coconut
ttp://amillionmiless.com/2016/09/two-of-my-my-favorite-smoothie-bowl-recipes-acai-peanut-buttermixed-berries-matcha-rawnola/,Acai & peanut butter/mixed berry smootie bowls
ttp://amillionmiless.com/2016/09/homemade-pumpkin-spice-mix/,Homemade pumpkin spice mix
ttp://amillionmiless.com/2016/10/pumpkin-snack-balls-with-dark-chocolate/,Pumpkin snack balls with dark chocolate
ttp://www.oneingredientchef.com/vegan-brownies/,Easy Vegan Fudge Brownies
ttp://www.watchwhatueat.com/one-pot-veg-biryani/,One Pot Vegetable Biryani
ttp://www.catchingseeds.com/butternut-squash-lentil-loaf/,Butternut Squash Lentil Loaf
ttps://downshiftology.com/how-to-make-cauliflower-rice/,Cauliflower Rice (+ Video)
ttp://www.earthpoweredfamily.com/2016/10/21/butternut-buddha-bowl/,Butternut Buddha Bowl
ttp://www.zsusveganpantry.com/2016/10/sabich.html,sabich – israeli brunch sandwich
ttp://www.zenanzaatar.com/chickpea-lentil-chili-stuffed-sweet-potatoes-with-creamy-tzatziki/,Chickpea & Lentil Chili-Stuffed Sweet Potato w Tzatziki
ttp://www.simplyoverjoyed.com/pumpkin-pie-smoothie-bowl/,Pumpkin Pie Smoothie Bowl
ttp://www.zenanzaatar.com/sweet-potato-noodles-with-zaatar-spiced-chickpeas-tahini/,Sweet Potato Noodles with Zaatar Chicpeas and Tahini
ttp://www.thehungrybites.com/cocooning-chai/,Cocooning chai
ttp://realfoodrealdeals.com/vegetarian-power-bowl/,Vegan Power Bowl
ttp://aleatherboundjournal.com/not-average-guacamole/,A twist on the traditional guacamole by adding…
ttp://vanillaandbean.com/maple-roasted-cardamom-spiced-carrots-apples/,Maple-Roasted Cardamom-Spiced Carrots and Apples
ttp://www.thecrunchychronicles.com/carrot-cake-baked-oatmeal/,Carrot Cake Baked Oatmeal
ttp://www.happyfoodstube.com/irish-barmbrack-tea-cake-recipe/,Irish Barmbrack Tea Cake
ttp://lookingfordelights.com/sweet-delicious-home-made-apple-sauce-without-added-sweetener/,Home Made Apple Sauce Without Added Sweetener
ttp://www.kiddieliciouskitchen.com/kale-chips/,Kale chips
ttp://nimblenote.blogspot.com/2016/10/spicy-beetroot-vegan-falafels.html,Spicy Beet Falafels
ttp://thetastyk.com/2016/04/05/snickers-bites/,Snickers Ice Cream Bites
ttp://thetastyk.com/2016/09/11/vegan-lasagna/,Vegan Lasagna with Cashew Bechamel
ttp://thetastyk.com/2016/04/29/walnut-brownies/,Walnut Bean Brownies
ttp://thetastyk.com/2016/08/02/coconut-tapioca-pudding-mango-puree/,Coconut Tapioca Pudding with Mango Puree
ttp://www.veggiesdontbite.com/vegan-pasta-puttanesca-terras-kitchen-review/,Vegan Pasta Puttanesca and Terra’s Kitchen Review
ttp://naturallyella.com/curry-split-pea-soup-with-carrots/,Split Pea Soup with Carrots
ttp://naturallyella.com/carrot-rice-noodle-bowl-with-tahini-sriracha-sauce/,Carrot Rice Noodle Bowl with Tahini Sriracha Sauce
ttp://naturallyella.com/roasted-rutabaga-pasta/,Roasted Rutabaga Pasta with Cashew Sauce
ttp://carolynspantry.com/coconut-cashew-granola/,Coconut Cashew Granola
ttp://carolynspantry.com/easy-turmeric-eggplant-curry/,Easy Turmeric Eggplant Curry
ttp://carolynspantry.com/warm-fall-salad/,Warm Fall Salad
ttp://carolynspantry.com/fudgy-black-bean-brownies/,Fudgy Black Bean Brownies
ttp://naturallyella.com/chimichurri-stuffed-delicata/,Stuffed Delicata with Chimichurri Black Beans
ttp://www.happyheartedkitchen.com/mains/roasted-cauliflower-salad-pear-miso-dressing,Roasted Cauliflower Salad
ttp://naturallyella.com/roasted-cauliflower-salad/,Turmeric Tahini Cauliflower Roasted Cauliflower Salad
ttp://wellnesswithtaryn.com/protein-berry-smoothie/,Protein Berry Smoothie
ttp://www.jaroflemons.com/pumpkin-curry-soup/,Pumpkin Curry Soup
ttp://www.vegannie.com/recipes/spooky-spiderweb-brownies-for-halloween-vegan-gluten-free-low-fat-low-carb,Spooky Spiderweb Brownies
ttp://gratefulgrazer.com/home/loaded-tailgating-hummus-dip/,Loaded Tailgating Hummus Dip
ttp://bit.ly/almondcoconutmilk,"Almond, Coconut and Sesame Milk- High Calcium"
ttp://gratefulgrazer.com/home/roasted-acorn-squash-pomegranate-pistachios/,Roasted Acorn Squash with Pomegranate and Pistachios
ttp://veganyackattack.com/2016/10/20/fall-farro-protein-bowl/,Fall Farro Protein Bowl with Sweet Potatoes
ttp://gratefulgrazer.com/home/fall-smoothie-bowl/,Fall Smoothie Bowl with Apples and Spirulina
ttp://gratefulgrazer.com/home/roasted-pears/,Roasted Pears with Dark Chocolate Hazelnut Sauce
ttp://servingrealness.com/vegan-halloween-pumpkin-spice-truffles/,Spooky Pumpkin Spice Truffles
ttp://feedmephoebe.com/vegetable-biryani-broth-recipe/,Vegetable Biryani Broth
ttp://www.picklesnhoney.com/2016/10/18/vanilla-vegan-protein-pudding/,5 Minute Spiced Vanilla Protein Pudding!
ttp://www.nutritionalfoodie.com/brussels-sprout-hash-with-butternut-squash-and-potato/,Brussels sprout hash with butternut squash and potatoes
ttp://www.earthpoweredfamily.com/2016/10/20/pumpkin-pie-smoothie/,Pumpkin Pie Smoothie
ttp://www.cakeandbeans.com/home/2016/10/16/baked-root-vegetables-with-mushrooms,Roasted carrot with mushroom & thyme
ttp://www.thelittlepine.com/fall-produce-guide/,Infographic of all the delicious produce of the season
ttp://www.thelittlepine.com/vegan-butternut-squash-soup/,Creamy Vegan Butternut Squash Soup
ttp://www.thelittlepine.com/homemade-fruit-roll-ups/,Super easy & delicious back-to-school treats made easy.
ttp://www.thelittlepine.com/nice-cream/,"3 Ingredient Vegan Ice Cream, is there anything better?"
ttp://fullofplants.com/fall-forest-salad/,Fall Forest Salad with Orange Maple-Roasted Carrots
ttp://dessertswithbenefits.com/13-healthy-halloween-recipes/,13 Secretly Healthy Halloween candy recipes!
ttp://www.veganmagictime.com/2016/10/baked-tofu-caramelized-onion-ravioli-homemade-everything-expert-vegan-recipes.html,Baked Tofu & Caramelized Onion Homemade Ravioli
ttp://www.theresacookinmykitchen.com/paleo-pumpkin-pancakes/,Paleo Pumpkin Pancakes
ttp://lovingitvegan.com/vegan-chocolate-ice-cream/,The Most Decadent Vegan Ice Cream
ttp://cookingwithmammac.com/the-best-italian-green-salad-with-homemade-dressing/,The Best Italian Green Salad with Homemade Dressing
